Batchfile,hyp-t/siuu,chaitu-ycr/py_canoe
Blade,kesavaram1996/e-com
C,seanpm2001/Android-x64_LiveCD_10A,oemuraye/monty,seanpm2001/Android-x64_LiveCD_8A,minh-nguyen-mqn/Werewolves,Gunes00/Sudoku-Cracker,gtlsgamr/xfce4-screenshooter-0x0,subhankar-pahi-2005/projects_in_c,deb3121/CBNSTCodes,sambacha/libdc1394-code
C#,MistressPlague/WebAPIHelper,Crazy-Maan/Optimizer,p80117/SkyProgram,Shardion/mods,doggoizkool/H1Emu-CSharp-Server,shaheenbibiS/DOTNET-MINI-PROJECTS,0Seren/KeyRebinder,iMrClean/ElevatorProject,RenaldMorino/ScrabbHome,khaledHamidi/OMS,PPark8093/PictureViewer,SohaibIbenhajene/DevopsCaseStudySohaib
C++,milaamelia/06TPLM002-Menu-Restoran,Nikitich2033/CPP-Projects,raj03kumar/Data-Structures-and-Algorithm,SH4MDEL/2022_3DGP,SH4MDEL/2022_3DGP,TMUBMEWeber/mazeProblemPY,SoOpWoOt/CodeChef,IlieEduard/Proiect_Poo_2022,Anikcb/My_Template,BST82/Linked_List,LabsCheats/labs-hwid-spoofer-eac
CSS,sshilpi110/Hotstar_Mini_App,Suchpuns/oursweeper,COCHOAGARCIA/HilanderiaRZ,thomasAramdhani/thomasAramdhani.github.io,chezjamal/pescado-plancha,YamashitaJunki/study-login-function,AKHIL-DyC/wbus_bus_live_location_bus_schedule,TristanV/tristanv.github.io,TristanV/tristanv.github.io,f2pclub/f2pclub.github.io,Layanco/Casa-Diseno,SavyC93/Weather-Projects,Rade58/react-pets-v8,adhammatefh/gpt-3,Haidoe/next-tailwind-firebase,ShivGyan/inkridstudios.github.io,Wilpoymu/prueba-react,CHI-NONSO1/cweb-banking-system,YanJi314/Electronic-Antigen,ngotuongbao/portfolio
Dart,edgass/djizhub_light,Shimanto007/uol,matthieurosset/radarr_dart,Rapid-Technology/flutter_gallery
Dockerfile,N0rthernL1ghts/unit-php
Emacs Lisp,Unknown-Gravy/emacs-config
Go,goware/channel,devfacet/ginman,jamesljohnson3/James-Johnson-III,Muhyun-Kim/learngo,hiteshshimpi-55/CRUD-API-Using-MongoDB-GOLang
HTML,rramboer/recipe-book,Pablo-RA/Proyecto--Portafolio,LoganI/logani.github.io,ArmaansPiano/p-149,asef2022/Final,qrhrqiohj/index,balajikrs/Demo,zer0Kerbal/AVeryKerbalChristmas,liangchaofei/page,Chinoshi/H.T.H,iiTzJacob/LandingPageProject,joxuan/20221218,jayanta2023cse/Ecommerce-Website.github.io,roBoot-LDT/kodland,vynguyen452810/SnapJobs_frontend,Dan-A1/odin-recipes,timrenkai/STutor,javam140/stronki,hisabuz/batch34_git,fabianoopessanha/projeto-desafio10,psz2007/mugplay,Svuppalanchu/My_To-Do_App,SamuelPalmeira/MeuPrimeiroCommit,MCBlueGS/awawebsite,nodirbekorifjonov/khabibullomayteam,Nandakyawwin/happychannel,Ramakrishnan-subbaiah/Hosting-Landing-Page,souravsworld/sourav.github.io,rishabh02dev/TODO-List,mudkippyy/hub,youtharcade/youtharcade.github.io,deadsxnpai/deadsxnpai.github.io,MarlyeCte/Marlye-Cotrie_D-vellopeuse_Web_Portfolio,dusheng-github/vuepress,tes404/Personal-protfolio-Website-,aftabkhan0473/takla-takli,Bekzat-Chauvbayev/Final-project,sltlala/Python_20221218,ogiansouza/home,SwethaDandamudi/exter,Pariapaza/tienda,NostrDesign/Meta,chasyujang/chasyujang.github.io,gernesto14/odin-recipes,hsiuni/hsiuni,beherasurya/bootstrap,MusaAqeel/sibel,saifuldeenmajeed/saifuldeenmajeed.github.io,eosorto/proyecto-carrito,GeronimoOlanda/Getha_Project,Bedebola/ProjetoJS001,PastryDoll/Ovarian-Cancer,uwferenczy/portfolio,iamsamimsarkar/Editor,nguyenyennhi333/rocketman,Pravallika-124/product-search-engine
Haxe,Yoshubs/Forever-1.0-Hybrid
Java,monukumar98/Crux-NP-Dec22,aozeyu/Javaprothreadingnotes,Mtssantos000/Sistema_Universiario,Ivan881914/java_swing_img,DongShaoNB/BedrockPlayerSupport,santhoshkkk/k8sdemo,usernvme/E-commerce-Project,AndiAmjad/Final,Ernetrade/controlOBC,suxiaom/java,Gyanbardhan/IDcard_generator,cho-changhwan/free-gradle,pdsdahal/Hibernate_ORM,mitesh-pv/lld-template,yooning92/SecondProject,LaveshSatim/SmartContact_Manager,MamaketInc/Mamaket_beta,Samsand-5/pdf-generator,mainudeen/demo,devxtone/essentials,arooble/SimpleBankingApp,CN-Scars/SpringbootDemo,iam-priyanshu-sharma/JAVA-Program-s,keeeeeey/SpringAdvanced
JavaScript,Lowdata/VotingSystem,yahoogm/Dicoding-Backend-Pemula,btahir/uselesshooks,Rudxain/ideas,sshilpi110/Weather_App,sociallayer-im/float,Lobazok/BidanJs,sshilpi110/KindMeal_App,LeoBardineo/lol-spotify-status,kungs66/anonymous-messages-website,sshilpi110/Max_Fashion_Clone,Surya56787/Project85,VidalLuyo/H221S2_30_J,doudoujhht/svelte-tailwind-template,Loosify/digital-clock,amittri1025/Sellbuddy,NickII2000/ReactPortal,jyp1763/coding_quiz,latioms/portefolio,123Vasu/Imagine-Cup,MaxiCacciamano/DEPLOY-CLIENT-DOG,acciojob/semantic-tables-and-media-shaikh-yusuf,sagarsachin9068/AYU-Gaming,Ramakrishnan-subbaiah/JavaScript-Dice-Project,Elimasrojas/front_final_G13,heliosalesjr/p5,brainworkup/dev.rrtools,Syedasaraa/NotesApp,Uvacoder/uva-nextjs-my-pinned-repos,rushee603/WeatherApp,Arulllllllllllll/V7,PujaNeralwar/Tictactoe,JimerSamuel/Nuestros24MiVida,goldfishthailand/npm-google-api-console-admin,tharith-p/landing-kentent.ai,tharith-p/landing-kentent.ai,mountaintew/bmis-ui,aritrasen12345/NoApp-Assignment,Dhirk07/noblox.js-asset-buyer-api,MuhamedAhmedFarid/Meetup-,stolzz0613/auxo,suneethsunx/nextjs-tutorial,ericsonrd/spot,sapscode/emailScheduler,Mahbub2001/Genius-Car-Full,yug20/Snake-Game,doongz/doongz.github.io,ObelusFamily/Anythink-Market-1c0pwyp9,madhusudevan/vph_site,ahnafahnaf204/UAS-Pemrograman-web-kel16,Svadha/project82,pashadevreact/portfolio,BhagatYedla/quiz,ZURE-AFK/R-txzyv5,zoofytech/zoofytech.github.io,rxfe0/suggestion-system-discord.js,Bidhan-Deb-Nath/test,joaolisb/pokedex,Kaya234/SeleniumJS,gralakt/Currency-Conversion-Plugin,Hashim7373/ChatBot,savagegraphics/todoListRN,digitalterrene/juniortest.douglas.mandeya.com,hexzzz2008/Anime-Search-Extension,EKI-INDRADI/eki-automation-install-mongodb-cluster-vpc-aws,Cool-Krish/Quiz_Application,Dhirk07/noblox.js-asset-buyer,visshnnu-tejaa-98/DSA-for-FAANG,anujkumaryadav/student-clearance,irwanxploit7/simple,KodingKatze/katzeSvelteKit,shindeamul76/instaclone-frondend,LexVN-WD/iss_spotter,sosthene14/commands-tracer,seemabaloda/crwn-clothing
Jupyter Notebook,FalgunMalhotra/StatisticalAndPredictiveAnalysisOfSongPopularity,Vishal-Padia/Spotify-Recommender,jshepPlusUltra/Hackathons,LUGZSPORT0/bear_identifier,SmritiSharma1209/Crop-Prediction-using-Machine-Learning--A-Step-Towards-Self-Reliance,Bhairavi19/Deep-Learning,Chitoooo/PINN-for-simple-structures,eigenfoo/gzip-classifier,venkat19-spec/Medical-Insurance-Cost-Prediction,ratansahu05/CNNs-Sentiment-Analysis-Semantic-Similarity-using-TensorFlow-Keras
Kotlin,Pranusha-D/andfun-kotlin-guess-it-starter-code,Angel-Studios/apollo-js-lockup-example,Pranusha-D/andfun-kotlin-android-trivia-starter-code
LabVIEW,Raihanraphy/heatsensor-and-heartbeat-sensor-detector-
Lua,The-Crossroads-Roleplay/tcrp-stables,immortalx74/vmf_parser,rrarrrraaa/ddwedararararar
PHP,307f4ff4-d59f-47cb-be89-600b64b16c4b/307f4ff4-d59f-47cb-be89-600b64b16c4b,ADASDASDAD34343/php,lithuanialover/tonttu,NguyenDucTuan92N1/wordpress_1,RCode777/CTFLab-ISCI,encapuk/helloxero,fidzer29/EAS-PBO-PERPUSTAKAAN,kekecoder/product_api,wkasunsampath/laravel-autocrud,konjikicity/laravel_practice_9,Kosieras/TM_g1_z5
Perl,Feiny/STAM
PowerShell,gqszds/dotfiles
Python,cjyaddone/ChatWaifu,sQur1/crossover_unlimited,yasserbdj96/MML,kohya-ss/sd-scripts,EasonHelloWord/ring-bell,che10086/ieee-xplore-Web-crawler,rex2go/ASTAV,huoquandace/Django-wiki,cerniq/Tik-tok-favorite-bot,giswqs/aws-open-data-geo,CyniteOfficial/Auto-Filter-V5,dapak2002/Programming-Language-Reddit-Scraper,PULLURWARSACHIN/NEXT_WORD_PREDICTION,tnscd/YT-Device-Monitoring,ouo314/vpython-,hellogoutham/learnPython,siritriberg/strune,WilliamRobertoFerreira/ProjetoKabum,KevinVeliz21/Practica-1,adityabasarkar/PersonalProjects,rifleben/motvational_SMS_twilio,JiCkY-007/patrick_bateman-,TheOkayJK/BBQ20KBD_CircuitPython,samfranklinm/PDF_TTS_Reader,MinaGH101/MinaMLfromScratch,Liang-ZX/ros_wheeled_robot,rafaelcascalho/mosquito-test-runner,cdlcitraa/STUDI-KASUS-GERAK-BANDUL-DENGAN-DUA-MASSA,Albuman/Anti-AFK-Fortnite-Bot,thamognya/python-package-template,cchao0116/GraphELIP,priyareddy2505/python-and-postgresql,crowdbotics-dev/tst-tc1035-adesnabw-51260,LuisHZortea/ProgramasPython,blausito/python,yathinsp/cicd-pipeline,Niko13teen/Bomb3rSMS,Ketturi/PiLiveMarquee,pedrovitorrs/fileManager,CJH83/DataPipeline
R,efreed1/Climate-Anomalies-Projections-CO2
Ruby,houtatsu/game_recruitment_space,gmikeska/angel
Rust,Walker-00/live-wallpaper,andrewgazelka/multi,DjamalovMuhammadAli/rust_lang_lessons,MatthewNielsen27/arboretum
SCSS,the1337company/the1337company.github.io,appseed-projects3/3a064e91-97d4-4154-ab9e-bf980cb54a36,ElizabethKennedy/planets-site,Espace-G/NBAInfoSystem
Scala,bearddan2000/scala-web-bloop-sbt-spring-thyme-multi-node-zookeeper-solr-simple
Shell,shatfel/backup-remote,EKI-INDRADI/eki-automation-install-docker,CL33NC/asde,atomlong/siyuan-kernel,EKI-INDRADI/eki-automation-install-mongodb-single,CODEreaper177/HybridHack,djvs/siox
Solidity,0xYao/contract-factory
Swift,darlinghq/darling-swift-corelibs-foundation
TypeScript,FEYeh/province-city-district-data,EzraChai/youtube-mp3,archimede67/react-datamuse-app,jacobmckenney/clos-topology-builder,AlexZ2019/WeatherForecast-Frontend,tuannx2106/supmo-next,mtrackeros/ostro-ne-octo-gofry,VitorSotto/notification-service,nittts/spotify-user-app,westwave/starter,Diego0761/Counter,pnuts2872ykr/new-pnuts2872ykr.net,BIackHornet/MockBot,navazjm/azile,Shio3001/alphaI
Vue,duswl13/vue3-learn,hwa19/git_vue1,Huav/travel,quangvuong2541/vuejs
unknown,xiaolai/toefl-ibt-vocabulary-in-context,SJTU-ViSYS/Ground-Fusion,Takatsuki-Sen/green-commit,SSK015/Welcome-To-DS-For-Undergraduates,Alchemy-Library/Electrolysis,nasyx-rakeeb/Th_isAn_Aut_rep,TDR-3000/999,nextauthjs/solid-start-auth-example,TDR-3000/1545,uuid2com1/5_4351,dinagit/Story,xrazzers/Reeep,uuid2com1/36_4818,deepikashivale/Pipelinedemo,moneroprojects/Blackbird,alv1nar1an/The-Arian,Husnainalirafique/Layouts,Crazy-Maan/Crazy-Maan,Hnippp4/Hnipp4.github.io,NineNineFive/go-local-web-api,retrokey/RetroKey-Catalogue,DharmendraGITHB/owasp-top-10,Milodey/Milodey,MarianStetskiy/rsschool-cv,Darshil-154/Project-,fhayuu/WildBoxMinecraft,maplefurnituregithubaps/maplefurnituregithubaps,Psychorex13/Psycho1312,George9705/run,George9705/run,shineyruan/ortools_ros,Tusar34/batch35_git,555-Benjy/Python_Course_With_Angela,ReemA7mad98/e-commerceApp,jyotidabass/Stock-prediction-with-lstm,jyotidabass/Data-warehouse-notes,Philip007-Zet/Philip007-Zet,1n48yg/1n48yg,WarlockW/JavaSE-Notebook,Ketan4444/MBK_DSA,LalitMahale/LalitMahale,DalekG/CTF,uuid2com7/115_8741,Mgobeaalcoba/Asincronismo_en_JavaScript,QQBoxy/faceboxy,linceth/curso_ebac_frontend,uuid2com8/152_14110,Omargali/FinalProject,uuid2com1/5_5091,shindeamul76/Instaclone-frontend-react,Utkarshp23/CRUD-operations-on-IMDB_database,venkat035/spring-boot-dockerize-master,uuid2com9/30_19442,uuid2com9/34_18711,melisavcilar/microservices-phonebook-project,mabedin101/batch34_git,uuid2com9/60_18665,moneroprojects/SilentCryptoMiner,Spiritaine/only1spirit,Ashoka7696/lovekush,NineNineFive/go-local-web-example,tade32/tade32,DaBomber60/hello-world,FoadRamezani/ohmyzsh,Primervatallon86/Primervatallon86,itssupriyanaik123/OIBSIP-Level1-Task1,uuid2com9/46_19418,Gembelsentosa/Gembelsentosa,KartikBudania/My-Portfolio-Website,Lemuelyy/Nella,takagon-dynamics/diff_bot_slam,LLLtaoz/mark,OriginalFire/Mimas,uuid2com1/32_4799,uuid2com1/21_4801,uuid2com1/23_4803,Sudo-Si/my-js-sctions,uuid2com1/72_4691,uuid2com9/47_19407,Anti-Man720/flexbox-course,2814109/wasm-sample,ashikkabeer/shopping-app,yunmo2847/test5,Azeezolunlade/Azeezolunlade,OmberMan/Unciv-3rd-4th-Component-Tweaks,MingfangDeng/GRMlpCrowd-main,gana1110/pixelo,vicki87/vickidwipurnomo,uuid2com8/124_14128,itssupriyanaik123/OIBSIP-Level1-Task2,Primervatallon86/Primer-batall-n-,uuid2com8/173_13877,uuid2com9/86_19009,RyanHUNGry/calculator,dli85/Port-faux-lio,uuid2com1/13_4594,swampyrad/RadTechItemPack,SharmilaBabu18/HACKINGChampions,uuid2com1/69_4722,jamesj6150/Hereformymula,Yuzu1325/mikan,firdaus-rx/Xray-Auto,Cirlandia/senai-versoes-colaboracoes,renanbmx123/dotfiles,Chaehoony/Firsttt,powcoder/Application-of-Matlab-for-Finance,DhruvSinghBora/whatsapp_notification,uuid2com9/48_18858,Shoubhik1010/CV,uuid2com7/166_8754,amberskyle/ava,Sm193106/git-practice,uuid2com9/61_19115,Meerazzum-045/languages14,nzgmtv/lv,123nnan/123nnan,kevinlam0/Volleyball-Rotations-App,ferinakira/ferinakira,liweirdo/-,jamesj6150/spinone,ncodeit-io/repo-for-ds-git-github-workshp,teresa-le/PyBer_Analysis,huoquandace/huoquandace,HoangAnh1801/birthday,mostafahamed332/Final-Task,RCarrasco10/bases-de-datos-RNA,LizhenQiangCOOL/pygocool,benichel/projeto,Haeshitha4567/Intial-Nodejs,1000sayhi/first-noona-project,mahora00135/Iot_Alarm_Clock,melcc622/Used-Car-Prices-in-India,HMZNSRY7/Guess-The-Number,David-Koranteng/100days,uuid2com9/73_19020,rushabhj-hub/Translation-of-Sign-Board-from-one-language-hindi-to-another-english-,Crazy-Maan/Windows-Tweaker,DevSprout/Netty-In-Action,mehdimehdi1383/mehdimehdi1383,Salazarjdsz/zalsarrr-,extattent/Floppa-Zeo-Gen-Leak,sakiyuzendri/SKZ,kanopatel011/kanopatel,arm232d/AD,JohnCarroll1703/StalkerHelper,uuid2com9/47_18646,mateuscotona/git,uuid2com8/161_13734,arkhanoid/django-react,a854872/8521,uuid2com1/24_4723,uuid2com9/39_18877,ChronoAccelerator/EnchancedSeek,ilajaques/fluffy-sniffle,jaehannoh/-hohoa,Krishnareddy1995/krishna,Crazy-Maan/Best-Optimizer,Crazy-Maan/Windows-Optimizer,Highpriceup/SQZMOM_LB,itssupriyanaik123/OIBSIP-Level1-Task3,NocturnalDream/itelective3-web,sebasgomez01/portfolio-FrontEnd,uuid2com8/102_14441,doston0810/dostoncoder,ShifrazNazar/kunalRepo,DingNing123/prj4,uuid2com8/184_13769,NickTacke/Ragnarok
