Bicep,formulahendry/chatgpt-teams-bot
C,Alulom/lab9,lpguetre/vs_code,kruumy/simple-winapi-kbm-hook
C#,LeieXoyo/MaJiangCal,red404/MindboxTest,AlexEnnerfelt/UnityUtilities,SashaVoin5/Bank,Khip01/SPP-Pay-App
C++,ZIMO-Elektronik/MM2,SmratRitwik/LeetCodeAndGFG,Xnuvers007/ScrapingWebC,BrodySimpson-CPP/CPP-OSX-Screenshot,rizalanggoro/sfml-starter,R-Shyam-sundar/CP-Template,F33RNI/ANMAK,KamoEllen/Multiplication-Table-C-
CSS,nverma12345/paradoxcommunity.github.io,Allensht/msh.github.io,GauravPant47/Simple-Calculator,tirtadhi/3dflower,ved-01/car_rental,jjul30/jaypeesite,samirgautam/ticketing-system,alazarzewdu/qr-code-component,suryask27/Digital-Clock,SouleymaneSy7/News-Homepage-Main,Kartik2722/designer-web-page,Tanusingh1654/gym-website
Dart,H3x007/NewsApp,shijinthottiyil/I-Am-Poor-App
Go,chatgp/chatgpt-go,nekomeowww/hyphen,omer5yerushalmi/namespaceLabel
HCL,ramachari-94/azure-terraform
HTML,matt-baillie/traversy-php,Sompal4549/certerthediv,Akash-raj-INT/JavaScript,Library-Guys/e_library,HAMEDBIGDELO/homework,ShinjiX-Web/git-practice,YonatanReed/QR-CODE-COMPONENT-MAIN,supriyapolaka/JAVASCRIPT-AS,CBI-NTU/CBI-NTU.github.io,saQchester/final,rafiedotid/sosmedownload,wdylanshaw/IS-201-Final,JosephKadam/Movie,Charlzk05/Sign-in-Sign-Up-Page,Ffr443/strangesense,pradnyakondubhairi02/subscription,verolinux/git-tutorial,AlphaJR36/login_form,tanishq-17102001/MyExpend,R3DHULK/calculate-me,Pawansonawane/portfolio-1,Aditi-piet/VRF,codepenusername/School-website-orignal,brunoholanda/bank-page,jeenzagames/cv,Bonus27/first_track,KamoEllen/simple-web-3page,tadeohepperle/amazon-fake-reviews,tungnguyenthanh1991/gpd-xmas-card,cholmalual/cholmalual77.github.io,supriyo40/cv
Java,justinmtech/Aqua,RAMKI-2002/Child-Safety-System,impana-c/Uno,CoffeeBeanFiend/adventOfCode,stevie38mwenje/wikipedia,evadamtk/GitPractice2,ptran-hw/nullaway-example,VoloGor/Figures,mirzamahmudov007/User-register,snareshkumar/kafka-java-demo,emirhanersoz/ebebek-Java-QA-SAP-Spartacus-Practicum,1marr/Rec6,jna0829/todo_user_add
JavaScript,akii1998/Quiz_React,saillike/zomato-clone,guoyunhe/eslint-config-cli,mavriel/refactoring,Elmar-07/calculator,rohandocx/crypto-api,HomurVeGomur/sea-cleaning,DEMILiao7/DEMILiao7.github.io,Thanush19/Chess-Game,SI-RUI-ZHANG/github-action-control-flow,bighit-top/Spring-2020,JeCodeLeSoir/coincoinonlinev2,cerveux/-Meli-RESTFUL-Front,ThePSM/MathCalculator,mumal885/Drum-Kit-Starting-Files,UESTClyh/leisureWorks,acciojob/room-makeover-SwapnilYC,R3DHULK/hacking-simulator,risgithub/testing,bvanseg/gameboy-emu,xbgaston/ProyectoJs,Gajendran-G/Mybrary,SagarDNG/Github-Chart-Hack-Bot
Jupyter Notebook,piratesdragon/homework_magolego,theshivmalhotra/Melanoma,Miike728/dain-colab,uakarsh/finetuning-on-document-ai-tasks,urazalinuraliev/Myi-Vivivo-project
Kotlin,JustAmirka/DiceRoller,M0Coding/Compose-Youtube-Motion-Layout,trainb0y/Tomfoolery,avatsav/linkding-apps,Uborka13/modularization-nav-example
Lua,FelipeIzolan/tabnews.nvim,DRAIKDev/spaincity,voxelizedworld/melonracer
Makefile,ubukawa/vector-tile-kanto
PHP,DarkonSs/php,garcierl/423Final
Perl,eagavi/vlfetch
Python,yzctzl/ReFLV,Methexis-Inc/terminal-copilot,akdev-tech/python-chatgpt,YosefSchoen/Yosef-cloud-class,TWK2022/insightface,Apros7/Competitions,shreyaslad/pulse,adriansgrrx/Stacks-Queues-and-Priority-Queues,Parikshit-007/rctcet,brycedrennan/ten-tastic,striderdu/SPA,fathur-rs/flask-api-austhopia,RosePwns/Challenge-Website,cmorace/PeanutsPythonFinalProject,Vsevolod91/homework-29d,LED-Protogen/Python-TestScripts
Ruby,sat0kenta/ouyou7a
Rust,VPlugin/VPlugin,EnderKill98/minecraft-texture-rotations,trollLemon/GammaDaemon
SCSS,vitasaturnia/bedrijf,DmitryRemigo/site
Shell,noblecosmic/alx-low_level_programming
Smarty,suraksha-niveus/argo-rollouts-example
Swift,EricRabil/DistributedXPC
TypeScript,simPod/graphiql-repro,Yabessy/Courses__instagram-clone,4t145/bincode-ts,ricperezrodriguez/socket-server,eng-dibo/issue-gcloud-esm,nba1234228/river-bi,pv-create/BookStore,jw2489/VendingMachine
Verilog,meosii/siiCpu
Vue,bestian/lit
unknown,picpaorashcoc/Roblox-SynapSe-PrivCheat-With-2000-SCRIPTS-FOR-DIFFERENT-GAMES,picpaorashcoc/LUA-KRNL-3X3CUT0R-MAD3-BY-M3,haesmgodayx/SlitherIO-CHEAT-CRACKED-BY-M3,leivimitcuo/XODUS-GENSHIN-IMPACT-PRIVATE-CHEAT-V2-OVER-45-FEATURES,picpaorashcoc/Bitrat-CRACK3D-BY-M3,picpaorashcoc/LUA-3XPLOIT-SIRHURT-PRIVAT3-L3AK3D-BY-M3,leivimitcuo/Rainbow-SIX-SIEGE-PRIVATECHEAT-INCLUDING-AIMBOT-WALLHACK-ESP-AND-MORE,leivimitcuo/Counter-Strike-Global-Offensive-SkinCHANGER-V5-PRIVATE,picpaorashcoc/L3AGU3-OF-L3G3NDS-3V0LuT-PRIVAT3-CLI3NT-HACK-WITH-SCRIPTS-FOR-CHAMPIONS-X3RATH-3KKO-AZIR-AND-MOR3,jeshututkunr/Dying-Light-OPIFUM-PrivateCHEAT-WITH-40-FEATURES-AND-SPOOFER-INCLUDED,cobanipiurim/Path-Of-Exile-UNDETECTED-PrivateCHEAT-L3AK3D-BY-M3-20-FEATURES,haesmgodayx/CROSSOUT-UNDETECTED-CHEAT-WITH-SPOOFER-INCLUDING-50-FEATURES-AND-CONFIGS-LEAKED,haesmgodayx/SMIT3-UND3T3CT3D-CH3AT-L3AK3D-BY-M3-PRIVAT3-OV3R-50-F3ATUR3S,cobanipiurim/Discord-account-Generator,leivimitcuo/Forza-Horizon-5-TRAINER-UNLIMITED-COINS-AND-MORE-FEATURES-OVER-50,jeshututkunr/EclipseWare-Free-Roblox-Exploits-v1.7,haesmgodayx/ARK-SURVIVAL-EVOLVED-L0ST-CH3AT-PRIVAT3-L3AK3D-BY-M3,haesmgodayx/WARFAC3-STONNIA-PRIVATE-CHEAT-L3AK3D-BY-M3,cobanipiurim/WarFrame-Undetected-PrivateCheat-INCLUDING-40-FEATURES-AND-SPOOFER,leivimitcuo/OVERWATCH-2-PRIVATECHEAT-DAEDALUS-V2-AIMBOT-SOFTAIM-UNLIMITED-ABILITIES-AND-MORE,jeshututkunr/Roblox-Mad-City-Hack,picpaorashcoc/G3NSHIN-IMPACT-PRIVAT3-CH3AT-WITH-50-F3ATUR3S-WITH-SP00F3R,leivimitcuo/COUNTER-STRIKE-GLOBAL-OFFENSIVE-TRIGGERBOT-SPINBOT-SKINCHANGER-AND-30-MORE-FEATURES,jeshututkunr/Bloons-TD-6-PrivateCheat-V2-Including-50-FEATURES,jeshututkunr/Atlas-Fortnite-Spoofer,leivimitcuo/RUST-V2-PRIVATECHEAT-LEAKED-BY-M3-INCLUDING-SPOOFER-AND-50-FEATURES,cobanipiurim/APEXLEGENDS-PRIVATECHEAT-V2-INCLUDING-30-FEATURES-AND-SPOOFER,cobanipiurim/Roblox-BloxFlip-Predictor-Exploit,leivimitcuo/Minecraft-HUGO-Client-KILLAURA-SCHEMATICA-AND-30-MORE-FEATURES,picpaorashcoc/FiveM-CH3AT-PRIVAT3-WITH-LUA-3X3CUTOR,haesmgodayx/HALO-INFINITE-UNDETECTED-CHEAT,haesmgodayx/ADFLY-AUTOCLICKER-BOT,picpaorashcoc/W3AP0N-ROBLOX-CH3AT-WITH-50-F3ATUR3S,cobanipiurim/Naraka-BladePoint-PrivateCHEAT-LEAKED-BY-M3-INCLUDING-OVER-40-FEATURES-AND-SPOOFER,haesmgodayx/YouTUBE-SUBSCRIBE-GENERATOR-MADE-BY-M3,leivimitcuo/Paladins-LoX-PrivateCHEAT-WITH-30-FEATURES,leivimitcuo/CALL-OF-DUTY-VANGUARD-CHEAT-PRIVATE-LEAKED-BY-M3,picpaorashcoc/R3D-D3AD-R3D3MPTI0N-PRIVAT3-CH3AT-L3AK3D-BY-M3,picpaorashcoc/AIMWAR3-CSG0-PRIVAT3-CH3AT-L3AK3D-WITH-50-F3ATUR3S-MAD3-BY-M3,cobanipiurim/Total-War-WARHAMMER-III-PrivCheat-Over-30-features,picpaorashcoc/Call-Of-Duty-VanGuard-3NGIN3OWNING-CH3AT-WITH-SP00FER,haesmgodayx/WAR-THUNDER-PRIVATECHEAT-WITH-50-FEATURES-AND-SPOOFER-INCLUDED,haesmgodayx/L4D2-AiMWAR3-PRIVAT3-CH3AT-3XPL0ITS-INCLUD3D-AND-3XPLOIT,cobanipiurim/RobloxWild-Predictor,jeshututkunr/SHADOW-COUNTER-STRIKE-GLOBAL-OFFENSIVE-CHEAT,picpaorashcoc/P3T-SIMULAT0R-R0BL0X-CH3AT-L3AK3D-BY-M3,leivimitcuo/Call-Of-Duty-WARZONE-STALKER-CHEAT-V1-WITH-OVER-20-FEATURES-LEAKED-BY-M3,leivimitcuo/FiveM-PrivateCheat-L3AK3D-BY-M3-WITH-FEATURES-FOR-RP-SERVERS,leivimitcuo/RED-DEAD-REDEMPTION-2-PRIVATECHEAT-WITH-UNLIMITED-AMMO-AND-30-FEATURES,picpaorashcoc/MM2-R0BL0X-L3AK3D-CH3AT-AND-IT3M-DUPLICAT0R,cobanipiurim/DDOS-Stresser-TOOL,picpaorashcoc/PUBG-CH3AT-SOFTAIM-WALLHACK-ESP-AND-MORE,picpaorashcoc/Rust-MultiCheat-and-50-FEATURES-WITH-SPOOFER,picpaorashcoc/LUA-3X3CUT0R-SENTIN3L-ROBLOX,haesmgodayx/PHASM0PH0BIA-L3GIT-RAG3WAR3-CH3AT-PRIVAT3-LEAK3D-BY-M3,haesmgodayx/TF2-LMAOBOX-PRIVATECHEAT-LAEKED-WITH-OVER-50-FEATURES,cobanipiurim/DEAD-BY-DAYLIGHT-PRIVCHEAT-XODXI-L3AK3D-OVER-58-FEATURES,leivimitcuo/ROBLOX-UNIVERSAL-AIMBOT-FOR-MORE-THAN-3000-MINIGAMES-INCLUDING-SPOOFER,leivimitcuo/RobuX-Generator-Made-By-M3,jeshututkunr/Blade-II-Cheat-LEAKED-BY-VUCCN-SPOOFER-AND-80-FEATURES,haesmgodayx/GPAY-BALANCE-EXPLOIT,haesmgodayx/WORLD-WAR-3-WW3-PRIVATECHEAT-OVER-20-FEATURES,jeshututkunr/Roblox-Arsenal-Hack-Script,cobanipiurim/Fifa-22-Trainer-With-Spoofer-UNDETECTED-20-FEATURES,cobanipiurim/DESTINY-2-UNDETECTED-CHEAT-LEAKED-BY-BAMBOO-V2,haesmgodayx/SQUAD-XOMIX-UNDETECTED-CHEAT-WITH-SPOOFER-AND-ADDITIONAL-CONFIGS-CFG,haesmgodayx/DOTA-2-PRIVATE-CHEAT-LEAKED-BY-M3-INCLUDING-SPOOFER-AND-50-FEATURES,leivimitcuo/Call-Of-Duty-WarZone-Helper-Private-V2,leivimitcuo/VALORANT-V9-PIXEL-CHEAT-L3AK3D-BY-M3-WITH-AIMBOT-ESP-WALLHACK-AND-MORE,picpaorashcoc/BEST-UNDETECTED-G0LDSP00F3R-L3AK3D-BY-M3,jeshututkunr/Elder-Ring-KOCEV-PRIVATE-CHEAT-V10-,leivimitcuo/Fortnite-KOLOIZ-PrivateCHEAT-V1-WITH-A-LOT-FEATURES-FOR-CURRENT-SEASON,jeshututkunr/Europa-UniversalisIV-PrivateCHEAT-V3-L3AK3D-WITH-50-FEATURES,jeshututkunr/Arsenal-Cookie-Hub-Script,jeshututkunr/Roblox-Jailbreak-Monkey-Gui-Hack,cobanipiurim/Twitter-Spammer-9PLUS-TOOL-CRACKED-AND-LEAKED-BY-M3,jeshututkunr/Civilization-VI-PrivateCheat-Cracked-V3,haesmgodayx/PALADINS-PRIVATE-CHEAT-WITH-50-FEATURES-INCLUDING-SPOOFER,cobanipiurim/Rocket-League-Undetected-FreshY-PrivCHEAT-LEAKED-WITH-80-FEATURES,picpaorashcoc/LUA-JJSPLOIT-3X3CUT0R-FOR-ROBLOX-MADE-BY-M3,haesmgodayx/COMBAT-ARMS-INVISIOX-CHEAT-PRIVATE-LEAKED-INCLUDING-80-FEATURES,leivimitcuo/Back4Blood-PRIVATE-CHEAT-LEAKED-BY-OMNS-V1,cobanipiurim/GARRYS-MOD-NO-VAC-BANNABLE-CHEAT-INCLDING-OVER-100-FEATURES-AND-SPOOFER,cobanipiurim/UNTURNED-PRIVCHEAT-NOT-VAC-BANNABLE-OVER-60-FEATURES,leivimitcuo/EuleN-Private-CRACKED-FiveM-Cheat-From-LennoX-V2,jeshututkunr/Farthest-Frontier-PrivateCheat-V1,picpaorashcoc/BL00DHUNT-VAMPIR3-UND3T3CT3D-CH3AT-PRIVAT3-L3AK3D-BY-M3-OV3R-50-F3ATUR3S,picpaorashcoc/Raccoon-Stealer-CRACK3D-BY-M3,cobanipiurim/WATCH-DOGS-2-UNDETECTED-CHEAT-WITH-SPOOFER-INCLUDING-90-FEATURES-TRAINER,haesmgodayx/BATTLEFIELD-2042-PHOENIXX-PRIVATE-CHEAT-LEAKED-BY-M3-,haesmgodayx/CR0SSFIR3-L3GIT-AIMB0T-WITH-SP00F3R-AND-M0R3-F3ATuR3S-INCLUDING-SP00F3R,jeshututkunr/Roblox-Tower-of-Hell-Hack-Gui,jeshututkunr/Cyberpunk-2077-V2-PRIVATECHEAT-LEAKED-UNLIMITED-RAM-A-LOT-OF-FEATURES,cobanipiurim/ISHS-TWITTER-ACCOUNT-GENERATOR-,jeshututkunr/Dying-Light-2-PrivateCHEAT-With-35-FEATURES-AND-SPOOFER,cobanipiurim/DayZ-PrivateCHEAT-LEAKED-BY-MV0LX-30-FEATURES-AND-SPOOFER,cobanipiurim/GRAND-THEFT-AUTO-V-CHEAT-WITH-80-DIFFERENT-OPTIONS-INCLUDING-HWID-SPOOFER,jeshututkunr/Raft-PrivateCHEAT-Works-With-MultiPlayer-60-FEATURES,jeshututkunr/StarCraftII-Trainer-Private,jeshututkunr/The-Witcher-3-Trainer-LEAKED-BY-GJUZZ-30-FEATURES-AND-SPOOFER,u1potato/pot-bot,TurboRoomba/TurboRoomba,TinhAnhDepZAIII/go-4-githi,Ranashubham19/python-project,ys9494/JS_ELICE_STUDY,Priyanshukumar018/blood-donation-website-on-html,gbbar/gbbar,qq1935046755ww/54_17650,dnkan/my_test,codeHui/IoT-Thingsboard-architecture-and-source-code-analysis,codingcore12/SILENT-DOC-EXPLOIT-CLEAN-1y,Yulia-Sm1999/ajs-homeworks-test-ci-matchers,Bryce-3D/NUS-ModReg-Reports,Kawachh/kawach-kaoje,Slavosta/sauna-event,faroperfect/Guide-of-Factorio-headless-server,RNsth/git-training,mukhtarmagawata/mukhtar,haiconmeo/haiconmeo,BeatrizAlvesPereira/GameStory,BogdanBaldin/Test,PedroHenriquetop/Pedro-Henrique-HTML-,pesto-students/p8-sai-chaitanya-praveenbabu36,nanproject/portofolioUnan.github.io,Nomihack/sufyan-,Pylon-hub/Movie-App,Namuazu/Namuazu,shubham-kshetre/site.me,lola-pola/audiocode,metaphysicser/RepeatFind,ScriptedSnark/scriptedsnark.github.io,Trunglee12/trunglee,qq1935046755we/32_21843,qq1935046755ww/88_16482,VictorSouuza/VictorSouuza,Kais-GH/Jenkins,Uymadawaki/Uymadawaki,prygunovm/rsschool-cv,Anuj-Kumar-AJ/Learn-Infracture-and-Cloud-on-the-Go,Pylon-hub/javascript-operational-transformation,Akashharishchandre/guru,vectorspace-ai/vsb_demo,Neysel/rs-workshop,aayerima17/aayerima17,coldstar1993/BOOK-zk-powered-smart-contract,swayamsingh07/Listing-testtt
